user_id;book_id_1;book_id_2;book_id_3;book_id_4;book_id_5;book_id_6;book_id_7;book_id_8;book_id_9;book_id_10;book_id_11;book_id_12;book_id_13;book_id_14;book_id_15;book_id_16;book_id_17;book_id_18;book_id_19;book_id_20
1;94636073;94722073;94688073;94696073;94707073;94703073;94699073;94720073;94702073;93588073;94736073;94794073;94717073;94534073;94777073;7576050;94757073;89939073;94802073;94612073
2;87880073;80034073;83063073;6778050;62372073;89747073;91103073;88374073;77742073;79066073;93998073;78505073;70148073;92882073;75418073;91444073;90698073;91791073;90453073;89619073
3;92528073;76373073;76398073;7063050;76096073;76581073;76207073;93091073;93633073;76387073;77193073;79114073;79047073;76377073;78225073;77436073;77521073;76501073;68112073;7069050
4;84980073;82624073;84506073;92446073;94660073;56168073;88791073;88859073;52858073;77759073;77605073;84922073;92216073;93321073;26285073;84953073;87070073;32578073;53214073;84762073
5;75262073;91772073;78309073;79677073;95147073;90634073;47732073;86711073;84909073;61851073;69843073;82354073;5983050;7598050;88395073;91240073;7356050;94845073;91298073;84231073
6;40053073;95210073;90765073;95144073;42041073;84937073;60426073;93455073;70222073;73249073;72284073;89996073;6040050;11811073;87959073;7608050;5563050;62299073;74127073;42536073
7;95087073;95146073;95148073;7602050;95068073;87676073;95118073;95019073;95151073;95103073;95111073;95172073;95240073;7503050;95129073;35742073;95082073;95147073;7120050;94869073
8;91115073;89642073;88918073;90970073;94557073;85875073;92379073;87536073;93368073;88088073;84909073;88583073;90413073;94580073;7088050;94610073;7047050;94475073;7378050;92186073
9;95060073;95073073;91213073;95147073;95333073;21405073;91741073;81457073;81841073;95206073;95207073;95151073;90108073;95051073;95223073;80301073;95039073;95057073;95225073;4474050
10;89501073;75946073;87330073;91450073;67220073;63750073;70120073;89470073;82252073;71533073;84758073;6040050;26091073;85302073;71394073;83290073;6553050;91640073;91639073;61276073
11;94615073;94644073;94614073;94634073;94556073;78438073;94638073;93682073;94640073;77251073;94633073;94577073;22507073;86774073;89983073;94572073;89574073;89201073;82612073;60302073
13;81841073;72442073;95088073;95145073;89482073;95230073;94664073;7605050;78914073;58660073;95195073;74015073;90092073;95355073;94497073;81457073;91299073;94905073;82252073;93336073
14;6863050;7316050;6926050;7600050;6784050;3280050;89683073;6417050;7588050;5888050;4782050;7065050;53956073;5165050;7602050;76959073;7193050;7120050;13135073;7615050
16;94580073;94381073;94590073;94596073;94582073;94557073;94601073;6583050;94595073;7112050;94638073;89642073;75676073;94562073;7570050;7568050;94599073;94575073;94662073;94572073
17;95202073;95212073;95204073;95207073;94869073;95165073;95060073;95073073;95206073;6778050;82758073;94549073;75630073;95177073;5918050;84489073;32747073;84779073;95220073;93793073
18;94965073;94834073;94966073;94931073;94769073;94986073;94877073;94866073;94905073;93094073;94824073;94664073;94942073;60200073;89482073;94791073;94864073;94837073;81246073;94941073
19;86210073;86824073;95081073;94962073;95021073;95003073;95018073;57642073;94896073;4782050;70097073;88615073;95008073;7022050;70768073;75372073;89842073;68046073;78038073;71910073
20;7598050;95146073;95149073;94898073;95148073;7596050;7599050;95076073;95129073;7600050;95131073;7503050;95019073;95118073;7120050;7004050;75042073;95151073;6741050;95132073
21;94612073;94777073;94794073;94768073;94736073;94775073;94684073;90124073;94741073;7578050;94757073;89939073;91913073;7577050;94778073;94733073;94728073;94747073;94730073;94786073
22;95144073;70120073;53956073;76959073;83290073;43852073;70222073;72442073;95254073;91619073;58660073;86363073;6040050;95145073;89470073;94497073;95355073;95273073;87959073;5661050
23;94218073;95179073;94183073;94455073;94331073;94402073;94464073;94746073;94166073;94399073;94045073;94038073;94229073;94337073;94609073;94516073;94051073;94566073;94226073;93990073
24;94153073;7409050;93215073;93566073;94039073;93971073;93614073;60502073;93632073;94200073;94263073;94221073;92502073;89578073;87278073;93976073;70528073;88458073;94157073;7218050
25;94932073;94866073;94969073;94961073;94884073;94863073;94986073;94999073;94952073;79093073;94962073;94964073;94977073;60200073;94960073;94990073;5897050;71910073;94942073;88110073
26;95084073;7589050;95093073;95071073;95017073;95087073;95092073;95097073;93590073;95090073;95148073;7602050;4782050;95081073;95068073;95129073;7592050;95146073;95004073;95131073
27;94932073;91240073;82624073;84909073;88028073;4970050;80323073;7088050;7047050;89447073;91115073;88854073;92354073;70586073;84841073;80900073;53214073;79977073;92984073;65508073
28;95039073;95020073;95015073;95033073;95065073;93590073;95018073;94933073;95081073;7586050;95063073;95029073;60200073;95052073;95093073;95040073;78861073;7590050;94961073;71910073
30;7599050;95129073;82354073;7597050;78298073;7598050;95076073;95019073;94869073;95146073;95149073;84231073;79677073;66457073;95148073;74690073;74895073;85277073;88428073;84841073
31;94900073;94724073;94897073;94819073;94923073;94890073;94873073;94847073;88469073;94868073;94883073;94700073;94892073;94913073;94848073;94921073;94852073;93121073;94889073;94774073
32;89793073;91370073;77286073;94775073;94736073;27734073;92657073;94720073;94733073;64994073;72397073;72217073;87694073;94778073;86437073;63403073;94684073;88343073;53313073;91252073
33;94834073;95088073;90092073;95230073;91640073;58268073;35643073;7605050;82252073;5038050;92856073;7613050;95195073;89501073;83290073;87330073;91299073;91619073;95260073;5906050
34;7589050;95090073;95084073;95087073;95071073;95092073;95017073;93590073;95093073;95081073;95097073;4782050;95131073;95083073;95067073;95075073;95148073;95004073;95055073;95105073
35;84841073;78298073;92388073;92362073;66457073;94928073;35804073;91240073;6940050;75262073;82354073;53214073;86789073;94863073;94932073;50078073;80167073;79551073;84231073;65152073
36;94510073;94408073;94530073;94504073;1996050;1931050;94559073;7565050;90803073;52736073;94500073;7564050;7559050;94488073;94520073;94487073;58516073;94471073;75301073;43783073
37;95093073;95084073;95017073;95081073;95004073;95071073;95055073;95097073;50673073;93590073;95092073;95087073;95086073;7589050;95083073;69087073;95105073;7587050;94769073;94837073
38;94962073;95039073;95065073;95003073;95063073;95020073;95040073;95015073;82444073;95082073;94986073;95052073;93555073;77384073;94933073;94896073;94990073;86880073;95033073;94971073
39;94504073;94520073;94530073;55414073;93716073;67725073;83468073;79062073;68792073;95052073;90092073;86074073;4202050;92856073;90807073;90803073;94408073;7084050;93365073;89459073
41;95071073;95084073;95092073;95017073;93590073;95081073;7589050;7590050;95087073;95055073;95086073;7587050;95068073;50673073;81085073;95083073;40271073;46245073;95075073;95067073
42;94304073;95096073;94880073;95291073;94888073;94009073;95095073;94925073;71250073;83841073;95215073;95172073;79565073;51319073;95227073;94491073;95173073;94434073;94308073;94250073
43;95146073;95147073;94869073;95129073;95172073;7599050;95076073;95151073;95131073;95207073;95101073;95149073;95152073;7503050;95155073;82354073;95203073;95183073;95118073;84231073
44;87173073;76078073;92934073;77341073;77358073;92608073;85465073;76097073;84065073;76237073;76866073;77656073;82767073;72682073;82159073;92825073;93718073;77101073;88449073;91732073
45;94836073;94865073;94848073;94900073;94857073;94774073;94724073;94833073;94860073;94794073;94897073;94792073;94786073;94800073;94876073;94684073;94803073;94871073;94852073;94873073
46;67656073;6893050;89933073;7382050;6943050;6703050;92856073;4829050;63403073;6773050;68148073;6876050;83290073;93766073;81540073;5793050;68906073;77790073;6886050;75946073
47;84434073;44749073;54643073;43115073;86064073;56249073;86713073;88812073;86871073;65816073;89725073;84784073;75445073;45788073;91971073;90183073;89500073;88868073;30040073;93787073
48;6151050;6730050;7294050;90281073;7592050;5004050;4832050;67570073;7193050;6926050;70936073;4410050;36816073;4782050;7300050;94898073;6761050;86789073;6959050;4131050
49;94684073;86210073;94963073;86824073;94966073;94813073;95236073;94913073;94800073;89069073;91913073;94786073;5906050;94833073;94979073;94865073;94930073;94931073;7246050;94836073
50;94526073;95269073;95271073;95091073;71250073;94493073;93032073;95369073;94014073;94253073;92940073;94305073;94541073;95368073;94434073;92054073;95291073;94358073;94304073;94107073
51;94932073;94942073;94936073;94969073;94971073;94866073;94884073;94965073;94952073;94697073;94953073;8897073;94941073;94999073;94954073;52587073;49617073;94966073;90638073;94968073
52;90933073;94913073;91370073;90884073;94890073;89793073;8897073;94930073;89418073;94871073;7581050;52331073;94824073;74526073;94899073;94956073;91331073;94892073;63403073;62299073
53;5882050;63750073;44377073;62881073;26091073;6553050;88012073;6164050;78641073;41365073;61424073;88300073;93700073;79054073;87330073;12427073;87188073;59834073;54121073;60510073
54;95090073;94962073;7589050;95071073;95093073;7587050;95084073;95092073;95017073;7590050;95087073;95097073;4782050;95065073;95039073;95067073;95131073;95082073;95068073;95020073
55;7195050;76880073;88473073;63693073;93208073;4829050;60200073;7396050;95361073;87758073;78825073;76644073;6912050;85586073;88706073;90421073;95195073;75394073;93391073;6943050
59;94580073;94583073;7181050;94474073;94475073;94381073;62829073;7565050;94578073;94568073;78641073;6032050;5434050;92200073;7251050;7378050;7112050;91074073;7568050;5484050
60;95082073;95065073;95084073;95017073;93590073;95040073;94962073;95081073;95087073;95093073;95092073;7586050;95083073;95109073;95052073;95111073;7589050;95039073;95063073;95105073
61;94962073;95039073;94896073;94961073;95003073;95020073;95018073;89482073;95015073;94986073;94999073;94933073;95065073;95029073;94866073;60200073;78861073;82444073;94965073;94964073
62;93091073;5004050;37885073;6726050;7073050;76313073;4960050;89557073;68112073;7063050;76096073;6616050;79789073;7069050;84974073;93066073;11386073;91443073;76581073;88778073
63;94664073;5906050;94931073;95230073;94834073;7581050;6608050;94769073;7615050;7096050;94837073;94966073;95105073;6750050;94899073;95131073;6670050;50424073;92856073;94956073
64;89610073;90120073;90216073;90522073;90530073;89676073;89749073;91618073;91454073;91560073;92345073;74064073;85266073;7504050;81707073;7424050;88716073;88734073;7059050;7517050
65;7586050;94962073;93590073;95065073;95039073;95063073;95087073;95084073;95093073;7589050;95067073;95081073;95082073;95131073;95003073;95017073;95092073;5739050;95083073;7587050
67;82369073;87290073;88867073;93772073;92762073;90297073;6553050;90232073;90625073;90619073;92112073;90758073;91175073;72234073;90422073;94133073;88468073;86056073;92012073;78787073
69;94696073;94703073;93588073;81670073;80478073;84953073;94699073;94802073;92362073;76313073;94722073;94688073;94853073;94636073;94679073;94695073;64818073;76237073;77101073;77965073
70;94931073;94834073;94824073;94966073;94858073;94769073;94965073;94967073;94956073;94990073;94791073;94866073;94899073;95230073;94941073;94845073;89482073;81246073;94963073;86824073
71;95201073;95194073;95204073;95060073;95206073;95073073;95212073;95208073;95202073;95165073;95220073;93793073;94549073;95079073;65443073;91174073;95166073;95183073;95199073;82758073
74;83290073;92856073;89470073;92412073;70120073;7605050;95276073;78914073;82252073;84758073;63403073;89418073;91531073;91639073;90441073;91450073;27734073;86437073;92153073;95254073
75;95071073;95093073;95092073;95084073;95097073;93590073;95090073;7589050;95087073;95055073;7590050;95086073;50673073;81085073;95083073;40271073;69087073;95068073;46245073;7467050
76;35742073;95068073;95129073;95204073;75819073;95146073;95148073;46245073;95131073;82354073;95101073;95121073;84231073;50078073;75883073;7602050;95087073;46568073;95017073;60911073
77;94896073;95039073;95015073;95020073;95033073;95065073;94933073;94961073;95031073;95029073;95063073;78861073;95052073;7586050;82444073;93590073;94986073;95082073;71910073;95040073
78;94962073;95003073;95039073;94896073;95065073;95015073;95081073;7590050;7586050;95084073;95033073;95093073;60200073;95063073;95018073;94933073;86880073;95029073;95071073;95090073
79;88705073;88997073;82160073;81930073;76216073;72416073;86710073;5010050;77605073;64742073;49617073;35752073;80392073;39429073;87501073;54422073;44044073;63256073;89431073;88860073
80;87152073;64936073;84094073;89588073;73525073;80953073;50445073;92837073;93928073;85698073;84013073;77058073;91446073;89201073;72691073;75901073;6728050;85152073;50457073;90860073
81;94932073;94954073;94866073;94969073;94971073;94863073;94942073;86623073;94697073;94941073;94961073;81246073;60200073;94990073;71568073;94964073;94960073;71910073;94864073;94966073
82;89911073;84030073;90020073;81311073;91535073;92240073;80180073;82624073;69840073;87227073;28273073;85194073;92354073;7259050;85823073;78309073;91772073;79237073;77759073;81758073
83;75445073;89500073;90183073;91971073;84784073;56249073;61553073;65816073;88868073;44749073;84434073;54643073;60363073;86713073;65354073;88812073;90329073;60302073;60059073;92502073
85;87700073;91233073;52672073;86728073;7099050;83218073;87752073;57313073;86595073;93628073;92660073;95357073;79232073;93154073;87327073;94112073;7297050;7380050;86320073;94103073
86;86210073;86824073;94977073;94969073;94819073;94836073;94848073;94684073;81211073;85237073;44177073;88615073;94833073;94857073;94847073;36106073;89125073;94876073;94724073;95016073
87;7409050;87278073;7311050;7305050;6851050;7574050;4977050;70528073;94669073;88457073;58569073;86871073;94679073;94736073;94660073;94534073;94777073;7573050;6976050;94667073
88;6705050;7120050;5888050;4984050;5563050;6417050;95355073;94497073;84938073;95149073;7598050;7594050;6608050;95148073;53956073;80092073;5165050;7513050;95146073;72442073
89;94932073;94866073;94954073;94971073;94990073;94969073;94960073;60200073;94931073;94962073;94834073;71910073;94986073;94769073;94965073;94845073;94964073;94961073;94863073;94966073
90;94794073;82622073;20833073;94751073;90124073;94802073;94800073;94777073;94612073;77101073;81468073;38467073;94661073;92872073;94781073;82705073;29708073;94724073;84476073;80825073
91;54422073;84075073;7519050;51121073;20919073;85398073;71372073;82805073;88463073;7383050;93206073;62139073;82866073;36816073;57588073;5004050;56753073;15643073;91154073;56854073
92;88428073;85277073;75042073;74202073;85300073;92295073;63641073;91260073;92983073;92511073;74690073;75001073;89125073;74611073;53214073;78470073;94819073;84506073;82373073;88844073
93;84841073;35804073;6940050;89301073;7300050;89000073;65152073;5586050;53214073;6730050;66093073;89842073;57642073;94932073;86789073;67570073;57562073;26170073;7511050;79903073
94;89683073;59834073;71204073;45780073;90355073;76959073;42425073;3280050;53956073;66388073;95145073;5574050;59656073;95211073;86909073;87769073;43852073;92008073;11754073;93099073
95;94986073;94931073;94990073;94866073;94965073;89482073;94824073;94834073;94877073;94962073;94863073;95024073;94966073;94791073;94971073;82444073;94967073;95003073;94964073;94956073
96;95147073;95207073;94869073;95203073;95204073;95166073;95201073;95060073;95206073;95131073;95223073;95109073;35742073;95129073;95105073;95073073;95146073;95170073;95183073;95152073
98;94962073;95039073;95065073;95063073;95020073;95052073;95003073;82444073;94896073;94961073;95018073;77384073;93555073;94986073;86880073;94999073;7586050;95082073;94933073;5739050
99;67570073;86323073;89049073;7253050;7300050;87766073;7022050;69715073;91026073;92737073;83162073;34421073;80580073;80665073;90196073;80348073;85866073;84703073;87067073;62981073
100;94962073;95018073;94896073;95003073;95015073;94986073;95008073;94961073;94999073;95039073;95021073;7586050;86880073;95065073;95020073;95063073;89482073;79174073;95052073;7193050
101;93526073;84671073;64148073;6630050;95120073;62139073;58268073;89590073;94687073;93682073;70331073;7041050;44044073;31261073;79558073;63612073;92792073;94605073;88111073;91060073
102;70576073;7368050;51560073;84841073;81932073;91545073;78309073;91772073;81758073;84162073;93582073;88101073;91240073;7032050;85866073;53214073;7300050;6254050;64968073;7268050
103;94216073;94208073;94237073;7547050;47714073;94236073;94251073;94232073;94234073;94191073;93758073;88230073;94213073;75443073;7527050;66786073;74573073;7218050;7544050;90639073
104;95131073;93590073;95148073;95146073;95081073;95084073;95071073;95087073;95068073;95097073;7602050;7589050;95109073;95092073;7587050;87676073;95101073;7120050;95055073;4782050
105;94900073;94892073;94865073;94876073;94969073;94848073;94963073;86210073;86824073;94684073;94913073;94868073;94966073;8897073;94836073;89125073;94930073;83690073;94977073;94824073
106;78625073;89566073;62321073;86774073;89983073;78438073;75030073;92837073;79086073;78097073;79641073;84009073;91275073;77912073;91637073;87335073;77115073;87614073;81659073;23053073
107;95071073;89049073;47732073;72888073;95097073;95129073;95149073;60174073;95093073;35804073;67226073;56337073;69715073;95076073;95090073;57562073;60385073;65236073;95148073;91608073
108;94612073;94733073;94728073;94777073;94778073;94775073;94787073;94794073;7578050;91913073;94768073;94730073;94828073;7577050;94757073;89939073;7580050;94753073;94736073;4895050
109;95131073;95087073;95109073;95081073;95083073;93590073;95084073;87676073;95148073;95082073;95097073;94664073;95071073;89682073;95146073;95101073;95093073;94837073;95240073;95118073
111;94794073;94792073;94800073;94804073;94803073;94684073;94774073;94836073;94833073;80763073;94852073;94863073;94787073;94697073;94953073;94732073;94819073;94786073;94813073;95236073
112;94865073;94892073;94930073;95018073;94893073;94836073;94913073;95021073;75372073;94977073;94962073;94952073;94900073;95325073;94848073;75883073;94953073;86210073;94963073;86824073
113;47732073;95076073;5746050;95146073;7602050;95148073;7597050;89049073;84841073;88101073;7368050;87227073;95129073;74690073;6356050;88346073;81758073;35804073;5973050;90020073
114;7602050;7598050;7599050;7597050;95131073;95166073;95101073;94898073;7596050;95147073;94869073;95122073;35742073;95172073;82354073;84231073;95068073;95207073;95118073;7600050
115;69715073;67570073;57930073;34421073;87766073;62981073;80580073;35804073;85194073;70472073;84666073;89000073;92637073;79368073;90196073;91545073;80665073;89049073;92360073;91026073
117;7105050;73841073;86867073;78505073;90698073;7176050;64968073;88485073;91835073;92892073;88406073;75250073;78790073;92522073;75178073;93173073;78312073;70148073;55263073;83076073
118;95199073;94536073;94944073;94655073;94398073;94431073;95334073;94594073;94427073;95220073;93793073;95077073;5918050;95250073;95059073;94889073;93121073;95125073;95012073;94943073
119;95146073;6934050;89111073;95068073;95162073;93672073;6043050;6030050;7503050;84769073;82159073;5422050;95071073;95148073;70535073;93718073;69241073;87480073;79721073;88105073
120;95131073;95065073;93590073;95082073;7587050;7589050;95087073;95090073;94962073;95081073;95039073;95109073;95020073;4782050;7588050;95092073;5739050;95083073;95068073;95148073
121;95131073;95105073;95109073;95083073;95182073;76323073;7602050;81009073;7503050;95118073;6863050;7600050;6550050;95172073;95124073;95101073;95103073;4782050;95148073;95152073
122;7598050;7597050;95146073;94898073;95149073;7004050;95151073;95118073;95148073;7503050;95019073;95076073;82961073;6741050;95172073;7145050;95131073;75042073;7461050;95101073
123;82805073;54422073;36320073;85232073;92612073;88560073;91846073;7373050;56753073;84075073;63314073;93931073;92954073;51121073;93527073;37885073;82494073;6808050;89777073;85398073
124;64148073;7069050;54659073;6943050;43355073;84968073;21405073;5888050;6966050;93208073;92472073;82601073;81540073;92198073;85383073;93161073;92413073;7057050;90241073;7448050
125;95016073;89125073;94724073;94863073;94954073;95017073;94947073;94969073;74202073;7598050;66457073;92362073;95148073;4782050;94971073;88428073;7597050;95076073;7599050;94900073
126;94377073;6778050;61851073;81471073;83281073;83646073;32747073;85451073;22144073;70535073;94976073;95177073;95301073;7444050;93300073;95201073;90264073;94655073;87480073;94083073
127;6728050;75901073;89588073;83284073;82973073;73525073;92837073;71619073;92592073;89123073;84355073;80402073;57087073;40918073;64936073;81843073;87152073;6999050;92230073;63463073
129;95201073;95194073;95060073;95204073;95202073;95212073;95073073;94869073;95206073;95079073;94549073;95203073;95213073;93793073;95220073;82758073;95181073;95177073;53841073;95114073
130;95060073;95073073;91213073;95147073;94869073;95207073;95201073;95206073;95223073;95194073;4474050;5235050;95204073;95165073;94549073;65443073;85952073;95212073;91741073;95166073
131;7456050;6784050;4782050;6151050;6417050;6730050;7316050;6926050;5888050;6863050;3280050;7600050;7588050;5165050;6159050;6912050;53956073;7069050;7050050;5736050
132;94962073;95039073;93590073;95003073;95020073;95082073;94931073;89482073;82444073;90933073;95131073;95090073;95015073;95017073;95086073;95093073;94769073;4782050;60200073;94834073
133;95202073;95212073;95194073;95204073;95060073;95165073;95073073;95206073;6778050;94549073;82758073;75630073;95177073;5918050;84489073;93793073;95220073;95147073;53841073;62372073
134;94848073;94836073;94865073;94847073;94684073;94857073;94860073;94759073;94890073;94833073;94913073;94775073;94868073;94828073;7581050;94876073;7578050;94871073;94838073;81876073
135;12102073;92794073;86375073;90965073;82684073;88632073;90888073;90152073;93105073;12097073;4410050;6921050;93566073;86533073;87592073;61593073;93394073;67570073;80580073;6601050
136;7451050;7502050;7454050;7121050;7421050;6576050;6902050;6417050;6847050;7438050;7489050;7169050;7424050;7387050;6544050;7602050;92992073;7473050;87327073;6501050
137;7598050;95076073;95129073;7602050;95148073;95146073;74202073;66457073;95019073;74895073;82354073;75042073;84231073;7596050;74690073;82373073;88428073;82961073;75614073;73851073
138;94900073;94857073;93121073;94889073;8897073;94824073;94930073;94883073;90933073;94899073;94845073;94893073;94724073;94960073;94923073;94954073;94834073;94858073;94990073;94913073
139;90933073;95090073;95105073;95086073;95081073;95092073;4782050;7589050;93590073;95071073;95097073;95017073;81414073;94890073;46245073;95093073;95082073;95087073;95084073;95068073
141;95207073;95147073;95166073;95146073;95129073;95152073;82354073;95148073;95155073;7602050;95172073;95131073;95206073;95201073;95151073;95019073;7598050;95073073;95149073;95212073
142;95146073;95148073;95076073;7598050;95131073;95149073;95129073;95019073;94869073;7597050;95151073;7599050;95166073;7503050;7596050;7120050;95147073;95068073;95109073;7600050
143;94580073;94381073;94590073;94583073;94596073;94557073;94601073;6583050;94638073;7112050;94595073;94599073;89642073;75676073;94575073;7570050;94572073;87536073;7568050;90204073
146;95225073;95276073;95254073;94905073;95144073;89743073;81841073;94769073;70120073;7500050;72442073;89470073;52331073;58660073;81457073;7605050;94664073;83290073;95195073;74015073
147;88812073;84784073;44749073;84434073;65816073;54643073;88868073;45788073;75445073;89725073;89500073;30040073;86871073;53518073;61553073;80324073;56249073;46442073;92254073;86713073
149;94961073;94969073;94962073;94884073;60200073;94986073;94999073;94960073;79093073;94952073;94863073;71910073;94990073;94964073;94977073;73298073;94697073;89482073;95016073;95183073
150;89842073;57642073;76999073;90196073;67570073;26170073;88615073;60174073;90152073;70471073;57562073;95283073;7022050;67372073;85421073;72888073;3220050;7253050;93715073;82432073
151;94741073;94612073;94730073;94794073;94787073;94777073;94753073;94728073;94695073;7577050;94775073;7578050;94747073;94736073;20833073;94725073;94720073;94778073;94688073;94756073
152;85996073;90583073;88152073;95017073;94932073;89817073;78843073;92511073;95004073;88436073;40271073;94900073;94847073;94969073;94724073;57562073;91573073;90959073;89911073;95121073
153;75785073;92856073;6274050;43783073;61276073;91640073;61406073;90092073;87887073;82032073;6337050;91531073;91450073;95305073;7328050;4948050;38951073;91970073;12427073;95088073
154;95073073;95204073;95165073;94549073;95203073;93793073;95220073;82758073;95147073;95213073;95265073;95333073;95209073;95177073;71528073;95199073;94394073;53841073;94976073;5918050
155;80581073;88701073;89950073;87575073;86647073;92847073;83676073;83877073;93513073;86894073;91534073;88374073;93204073;92587073;89003073;89111073;93671073;90403073;80838073;84853073
156;95131073;7602050;95148073;95146073;95105073;95068073;95087073;7503050;95076073;7594050;95097073;7120050;95149073;93590073;95151073;95101073;7598050;94898073;95071073;95019073
157;83468073;90807073;94720073;94624073;93476073;10307073;94684073;95185073;5865050;91831073;92411073;79442073;87694073;77772073;92207073;95363073;94607073;90364073;89450073;89939073
158;7069050;3220050;94898073;7598050;7599050;95019073;7602050;82961073;5870050;6876050;57642073;92362073;6940050;86083073;95149073;35199073;89842073;88615073;7597050;6730050
159;94962073;95082073;7586050;95039073;7590050;7589050;93590073;95003073;95090073;7587050;5739050;95092073;86880073;51705073;95093073;95020073;95015073;95087073;95040073;95081073
160;85070073;91956073;94270073;93560073;92207073;93014073;93348073;91734073;90807073;92250073;83468073;92243073;85287073;94495073;93075073;90427073;90119073;93855073;91681073;89467073
161;6876050;86058073;67656073;52222073;4331050;6630050;19919073;5943050;6886050;87553073;93384073;92528073;6297050;6851050;89544073;7448050;42828073;79174073;6093050;93208073
162;94411073;94400073;94423073;94416073;94467073;58405073;86270073;94438073;86648073;29562073;80551073;88088073;61851073;94422073;93457073;91115073;94413073;94421073;88452073;94383073
163;7602050;95148073;7598050;95146073;95149073;95131073;95068073;4782050;7594050;95132073;94898073;7597050;95076073;95090073;7599050;7120050;95129073;95105073;95151073;95017073
164;94819073;94848073;94847073;82622073;7578050;94857073;29708073;7577050;81876073;7580050;71451073;94815073;94778073;79051073;30259073;94812073;94714073;69241073;94871073;90388073
165;78358073;85473073;6602073;90967073;61736073;87503073;37423073;85933073;72284073;6999050;77605073;53205073;89050073;71790073;90640073;82758073;77263073;75262073;91280073;68412073
166;7097050;44677073;77736073;57473073;7349050;7383050;84917073;7385050;51121073;41853073;89543073;67601073;63264073;92792073;36816073;79177073;89590073;7230050;9376073;49350073
167;44997073;6976050;57087073;87278073;90860073;7304050;7409050;93632073;91352073;85298073;6728050;82973073;93928073;46914073;7311050;86871073;6357050;6851050;6275050;5970050
169;7589050;95090073;5529050;7587050;7091050;95081073;7592050;95071073;5165050;7065050;7601050;95083073;95087073;6881050;42828073;4782050;7468050;6886050;7594050;52222073
171;95208073;95204073;95207073;94869073;95165073;95060073;95073073;95206073;6778050;82758073;75630073;94549073;5918050;95177073;84779073;84489073;23358073;62372073;70535073;32747073
173;94778073;94684073;94836073;94848073;7578050;94787073;94819073;7577050;94828073;94781073;94768073;7426050;79378073;94794073;7575050;94786073;59761073;63677073;52222073;90933073
174;20883073;76652073;69840073;92738073;90709073;87700073;86728073;90966073;87425073;80276073;29257073;86904073;52672073;92613073;76151073;80526073;89302073;12555073;86320073;72491073
175;95060073;94931073;81457073;94834073;95147073;95105073;95131073;71098073;95103073;82444073;81603073;95242073;95039073;90933073;95020073;89418073;95203073;80301073;7295050;95170073
176;94932073;94969073;94954073;94971073;94866073;94697073;94863073;93121073;94889073;94884073;94977073;95016073;94964073;95058073;95042073;94142073;94942073;86623073;94990073;94960073
177;20833073;94751073;79051073;29708073;94787073;94661073;75760073;75108073;94741073;83663073;7577050;83284073;57297073;94722073;90388073;80402073;85654073;77677073;89045073;71451073
179;94962073;93590073;95081073;95039073;95093073;7587050;95092073;95084073;95017073;95015073;95086073;95020073;95065073;7589050;95097073;95082073;95105073;53956073;4782050;95131073
180;95131073;95087073;95068073;93590073;95148073;95081073;95092073;95084073;95146073;95071073;95097073;95093073;7589050;95082073;95083073;95101073;7587050;7602050;87676073;95055073
181;7602050;95019073;95076073;95129073;94869073;7598050;95166073;95101073;95172073;7599050;95147073;95149073;7597050;7120050;95068073;95207073;7503050;7596050;95152073;95155073
183;95239073;47732073;84841073;7602050;74690073;94898073;53214073;95121073;95076073;95149073;95071073;95336073;95146073;95129073;6780050;4684050;7590050;7300050;7368050;7597050
184;93590073;95090073;95084073;95092073;95093073;95017073;95081073;95071073;95087073;95097073;94962073;95004073;95065073;4782050;95082073;95068073;95055073;95083073;95067073;95086073
185;90609073;86252073;88397073;90209073;93032073;95369073;95368073;92940073;79565073;95288073;95338073;42986073;92805073;91555073;90367073;82441073;58536073;56211073;86074073;88230073
186;89420073;91878073;60890073;62927073;87278073;90867073;7409050;7288050;54308073;77807073;7373050;63169073;7483050;64702073;7305050;92012073;4658050;90799073;61569073;72802073
187;84515073;79789073;88732073;35804073;93171073;89049073;86445073;73841073;79228073;75418073;91010073;84841073;80692073;71463073;87227073;94453073;51560073;93217073;62981073;80717073
188;72442073;91619073;90092073;90108073;89605073;7605050;88012073;93336073;87330073;89683073;58268073;95145073;82252073;94965073;63750073;91236073;53956073;95254073;6274050;83290073
189;7602050;95131073;95147073;95155073;94869073;7503050;95166073;95172073;95118073;82354073;79677073;81457073;95109073;95223073;95011073;91213073;84231073;95182073;76323073;95203073
190;7119050;93402073;46914073;94756073;6695050;82973073;27949073;88923073;20833073;94730073;73525073;55453073;94733073;70543073;94747073;94661073;94728073;5566050;92950073;93886073
191;95201073;95194073;95060073;95073073;95204073;95208073;93793073;95220073;95207073;95228073;95165073;95048073;95203073;95212073;94312073;85439073;95162073;95045073;82487073;94869073
192;94930073;94824073;94956073;94834073;8897073;94845073;94990073;94858073;94899073;94791073;90933073;94893073;94877073;93048073;91370073;94941073;54414073;94769073;94870073;94900073
193;79047073;66093073;6079050;7511050;75178073;91161073;5548050;6940050;28273073;94792073;44682073;77759073;82624073;76234073;76221073;76406073;76222073;86083073;76501073;77521073
194;94865073;94900073;94913073;94930073;94873073;94834073;94824073;94857073;94837073;94859073;94769073;94852073;94966073;93121073;94889073;94862073;94847073;94700073;93048073;94833073
195;95228073;95203073;95045073;95060073;95207073;7295050;95161073;94524073;95194073;55750073;95073073;75057073;93793073;95220073;95147073;95204073;81457073;94544073;95181073;95201073
196;94962073;60200073;71910073;73298073;94961073;95039073;63693073;93590073;38638073;76219073;94896073;78861073;79093073;95020073;94954073;94986073;76644073;60709073;95081073;95015073
197;94792073;80763073;94865073;94963073;86210073;86824073;94833073;94863073;94852073;36106073;94779073;94952073;94800073;85237073;44177073;81211073;94819073;69840073;91204073;94724073
199;94578073;94580073;94381073;7566050;94638073;94557073;94572073;94599073;94583073;94642073;91177073;94575073;36511073;94610073;7569050;35748073;94559073;79382073;94614073;63524073
200;94684073;94848073;94794073;94778073;94819073;94836073;94774073;7578050;7577050;7580050;94786073;94787073;94775073;94612073;94688073;94838073;81876073;90376073;94765073;89939073
201;7600050;95146073;6417050;43355073;95118073;95148073;95131073;7601050;95149073;95151073;95132073;6863050;5165050;95076073;6615050;95019073;7598050;7050050;5888050;7211050
202;95051073;95225073;95228073;95333073;95265073;95147073;65443073;94834073;93793073;95220073;81457073;81841073;94307073;95223073;91491073;91299073;95006073;95216073;95048073;74015073
204;95147073;95131073;95109073;93590073;95093073;95084073;95071073;7120050;94869073;35742073;95148073;95081073;95129073;95087073;46245073;95146073;95166073;7503050;95207073;95223073
205;6250050;6012050;7589050;95090073;4782050;95092073;6805050;7575050;93590073;95086073;95081073;95071073;95017073;46245073;7426050;95067073;95093073;95082073;6043050;6030050
207;82373073;95201073;94976073;95177073;84907073;74202073;73851073;75614073;91260073;94981073;74895073;87810073;92455073;92699073;94377073;95238073;95153073;95122073;6778050;91885073
208;94986073;94962073;5897050;95008073;7590050;88110073;95018073;79093073;84200073;4782050;79174073;63264073;67601073;94836073;94884073;94990073;95067073;94961073;94978073;94999073
209;95201073;95212073;95208073;95207073;85277073;82373073;95216073;53841073;95122073;94943073;95199073;82758073;95147073;94976073;77368073;95114073;88029073;90264073;94880073;63519073
210;90837073;94897073;83690073;94865073;95121073;95301073;94874073;85451073;83303073;70422073;61851073;88285073;84909073;92275073;74611073;91115073;88844073;81470073;94700073;89544073
211;91560073;89676073;91618073;89610073;92134073;92000073;90120073;85266073;7490050;7424050;92345073;91892073;7504050;7438050;74064073;7059050;88716073;7481050;6544050;81707073
212;95084073;95093073;7590050;95071073;95017073;95097073;95087073;95055073;7592050;95090073;7589050;95076073;95004073;95146073;95092073;93590073;35742073;46245073;95129073;95336073
213;94863073;85791073;5897050;75057073;64299073;92668073;93968073;76862073;61713073;94999073;68890073;93459073;94866073;38749073;91799073;74639073;93606073;95161073;91101073;94961073
214;92933073;92518073;94039073;93623073;94566073;93982073;94473073;94038073;94109073;94609073;94407073;94523073;94793073;94938073;94560073;94110073;94402073;94399073;94166073;93987073
215;87173073;93931073;93475073;77358073;81771073;93852073;81299073;78790073;93791073;87317073;93839073;94853073;93783073;93031073;76078073;93976073;82777073;90419073;93679073;82519073
216;94165073;91822073;90419073;12102073;92358073;91885073;94200073;53555073;80241073;79121073;94297073;76521073;93976073;92933073;77341073;94213073;94251073;89312073;91732073;86951073
217;94237073;94247073;92933073;94275073;93623073;93176073;93783073;94249073;93629073;94341073;94347073;86351073;93927073;47714073;62927073;86664073;75814073;94251073;80241073;36320073
218;82777073;78790073;93383073;78312073;87173073;83039073;93852073;82519073;76237073;77358073;78006073;81626073;80293073;83237073;68578073;92587073;77656073;81166073;82701073;81563073
219;93176073;92518073;94100073;94402073;94609073;94563073;94051073;94560073;93990073;94523073;94516073;94566073;95372073;94038073;94171073;93982073;93940073;95179073;94509073;94938073
220;93852073;94200073;94165073;93383073;94153073;75997073;78790073;82777073;77358073;82519073;87173073;93475073;78312073;93679073;93971073;93073073;82062073;83039073;81771073;85465073
221;93176073;94011073;92518073;93931073;93636073;93031073;94051073;94269073;93982073;94399073;94793073;94171073;94464073;94566073;93940073;93990073;94746073;94473073;94100073;94322073
222;93927073;93971073;94000073;94251073;93982073;94938073;94509073;94793073;94331073;94473073;94566073;94407073;94563073;94516073;94183073;93990073;94402073;94166073;93940073;94455073
223;94165073;94039073;94326073;92933073;93976073;91822073;90419073;92358073;12102073;94087073;93967073;94297073;94319073;86951073;91885073;53555073;77358073;76521073;94243073;93679073
224;53555073;79121073;90419073;69346073;86951073;51442073;93973073;94450073;68871073;87317073;80241073;92358073;68989073;86932073;84390073;93176073;94550073;93066073;66589073;91732073
225;93679073;93176073;87173073;93475073;93931073;93566073;94165073;78790073;77358073;78312073;81771073;77656073;82519073;76078073;94011073;93383073;81299073;82777073;94853073;93967073
226;79121073;90419073;86951073;53555073;69346073;68871073;66197073;92358073;68989073;91732073;66589073;80241073;94450073;92700073;60672073;92933073;51442073;86932073;56070073;91885073
227;91240073;86644073;7368050;70472073;79080073;82624073;75048073;59052073;64312073;4970050;78990073;92354073;70576073;71684073;84703073;90910073;7373050;86323073;91535073;85823073
228;95003073;94896073;95039073;95020073;95065073;95015073;95018073;94933073;95033073;95029073;95024073;95081073;93590073;94868073;95082073;95040073;94961073;7583050;95052073;86880073
229;91547073;95341073;70978073;93410073;90385073;95161073;92831073;94092073;89742073;69316073;75057073;94027073;65441073;88604073;95139073;71163073;88743073;94320073;95243073;78989073
230;77618073;79500073;93328073;92469073;79551073;80167073;79217073;80320073;78974073;78994073;71790073;61736073;94501073;80382073;82753073;89050073;88442073;78358073;5954050;79472073
231;95131073;95148073;95105073;95019073;7602050;95129073;95076073;95068073;95101073;95147073;95118073;7120050;95087073;81457073;90238073;95166073;94869073;95103073;93590073;35742073
235;94792073;94804073;94863073;94836073;94865073;94697073;94794073;94800073;94852073;94942073;64299073;56673073;94900073;94803073;89509073;94860073;94833073;91204073;83690073;95236073
237;6695050;90425073;75573073;77020073;92910073;53012073;92640073;6553050;88712073;90971073;7382050;81315073;56494073;7163050;75946073;78167073;89256073;91900073;69489073;92327073
238;94792073;94794073;80763073;94969073;94848073;94952073;94819073;94787073;94697073;95016073;94807073;94836073;94687073;94852073;94803073;94800073;6730050;94786073;94771073;94833073
239;94178073;94352073;94350073;91800073;7553050;94366073;94179073;82069073;7098050;94346073;92819073;63256073;7555050;94291073;58398073;6867050;82160073;80765073;94388073;91781073
242;94335073;88957073;94133073;94325073;94348073;86777073;94353073;63256073;94179073;35991073;81324073;77027073;94261073;7362050;94341073;94347073;88924073;59885073;94002073;90619073
243;94703073;7574050;7409050;94696073;84953073;92390073;92216073;78520073;94636073;94605073;94699073;4658050;64818073;84170073;94702073;94661073;89654073;92496073;84278073;90461073
244;7602050;95146073;95131073;95151073;95148073;95129073;95166073;95147073;7599050;7598050;95132073;7597050;95152073;95172073;7600050;95109073;95118073;95207073;95183073;95101073
245;94792073;94794073;94847073;94833073;36106073;94807073;80763073;94801073;94860073;85237073;81211073;44177073;94800073;94836073;86210073;86824073;94963073;94819073;94774073;88615073
246;94408073;94500073;67725073;94520073;94510073;94525073;94530073;94504073;7564050;85731073;94478073;70660073;94410073;93252073;95299073;94511073;94521073;68717073;94527073;91950073
247;87278073;7409050;93215073;7311050;6851050;7305050;94777073;20833073;94722073;75108073;75760073;6976050;88457073;70528073;58569073;7577050;94612073;94736073;92938073;86373073
249;95051073;95059073;95057073;95225073;95203073;94976073;95039073;94881073;95170073;81738073;93590073;91731073;95216073;94655073;95238073;95153073;95006073;95128073;95181073;41626073
251;94747073;94787073;94794073;94778073;94775073;7577050;7578050;94777073;94684073;94733073;89939073;91913073;94768073;94751073;94781073;94786073;20833073;90124073;4895050;7580050
252;94756073;94728073;94612073;94741073;94753073;94730073;94775073;94778073;77039073;91913073;63677073;94684073;94828073;94731073;94770073;94759073;94777073;94831073;88553073;94794073
254;83290073;70120073;95276073;89470073;92412073;89743073;84758073;7605050;78914073;94664073;82252073;81841073;95144073;72442073;92856073;95145073;86431073;89418073;90441073;75946073
255;89842073;92637073;95321073;58375073;92737073;91736073;36106073;93210073;88615073;90196073;7253050;85237073;44177073;81211073;78645073;90512073;92730073;92360073;7022050;67570073
256;95201073;95207073;95194073;95212073;95202073;95060073;95204073;95147073;95208073;95206073;95166073;95183073;95114073;94549073;95165073;95177073;95203073;95129073;95146073;53841073
257;95201073;95194073;95212073;95207073;95079073;95208073;95060073;95073073;95147073;95206073;95177073;95166073;95114073;95165073;82758073;95183073;95203073;94976073;53841073;94549073
258;95146073;7597050;95148073;95149073;7596050;95076073;95131073;94898073;95019073;95129073;95151073;95155073;7503050;95132073;95118073;95143073;95166073;95172073;7120050;94869073
259;95060073;95147073;95073073;95207073;95194073;94845073;95201073;94925073;95225073;95216073;94834073;95166073;35742073;94888073;95340073;95151073;95208073;95333073;95265073;95131073
260;94931073;60200073;95145073;94966073;95211073;95230073;95195073;93094073;89482073;95088073;71204073;89683073;11754073;90108073;85586073;7605050;95273073;91236073;58660073;95233073
262;70988073;82956073;93198073;95263073;86822073;78817073;85878073;93774073;92593073;92896073;91416073;90755073;93496073;92321073;92094073;75241073;68168073;53938073;93686073;91580073
263;92614073;91209073;89877073;82745073;75262073;90843073;72284073;37423073;85593073;87481073;92093073;93328073;77330073;7144050;90765073;80224073;7347050;76959073;28983073;93280073
264;90619073;91144073;86871073;58868073;87290073;46914073;93787073;28470073;30040073;74359073;89957073;93335073;6553050;75988073;45788073;54643073;92502073;88868073;80324073;44749073
265;94962073;95003073;94896073;94986073;40491073;94971073;94961073;95033073;95039073;94999073;95015073;79093073;94933073;95065073;86880073;95024073;94866073;94863073;95020073;71910073
266;7456050;6886050;7594050;6966050;90108073;5736050;6297050;5888050;64148073;7588050;89482073;7448050;5825050;89683073;6417050;5846050;95018073;7073050;6726050;7057050
267;94932073;86789073;94978073;94990073;7590050;84200073;95183073;88028073;88110073;79093073;95016073;94884073;14401073;66457073;95008073;95058073;94845073;94986073;94960073;92388073
269;95146073;7120050;95148073;7598050;95076073;95131073;7597050;95129073;95151073;95019073;7599050;7596050;95147073;35742073;95118073;95143073;94869073;95132073;6417050;94898073
270;6553050;6040050;73249073;70543073;89470073;7212050;5900050;67220073;4948050;75946073;72686073;54121073;71394073;85302073;95305073;5661050;74127073;88468073;90425073;70120073
271;94824073;94923073;94865073;94877073;86824073;94963073;86210073;94858073;94941073;94900073;94952073;94919073;94942073;94864073;94845073;93121073;94889073;94956073;94883073;94857073
272;8897073;94893073;94900073;94930073;94942073;94884073;94697073;93476073;94848073;88639073;94868073;88110073;94833073;54414073;94932073;90032073;92638073;72416073;94971073;21986073
273;94887073;95164073;94145073;92087073;94357073;94250073;94616073;94654073;94927073;95091073;95269073;95271073;95037073;94206073;84103073;94140073;94808073;94591073;94657073;94084073
274;68814073;31720073;49324073;66495073;64284073;84786073;85312073;84917073;68712073;28285073;5804050;83095073;67966073;72572073;56991073;55779073;21298073;56743073;44677073;61624073
275;85593073;73249073;88635073;47793073;72686073;74127073;83216073;80320073;85591073;89542073;61147073;65031073;22115073;56991073;56494073;21298073;42041073;80224073;88769073;79191073
276;93614073;93566073;93383073;78790073;94153073;78312073;76078073;94853073;93967073;85465073;93073073;94039073;93767073;81299073;93452073;81771073;93971073;82777073;93317073;93883073
277;92933073;93176073;93636073;93031073;93623073;87173073;76078073;87317073;94994073;94024073;92358073;93475073;81299073;93852073;94853073;81771073;93614073;78790073;77358073;92700073
278;88957073;94179073;94133073;94353073;94345073;94182073;93772073;94352073;94178073;94341073;94347073;66607073;91800073;92819073;94362073;78787073;82369073;94360073;87290073;94350073
